"storage_C:\_%";"storage_C:\_GB";"cpu_Intel(R)-Xeon(R)-CPU-E5-2690-v3-@-2.60GHz_%";"storage_G:\_%";"storage_G:\_GB";"storage_D:\_%";"storage_D:\_GB";"ram_DDR4_%";"ram_DDR4_GB";"storage_E:\_GB";"storage_E:\_%";"storage_H:\_%";"storage_H:\_GB";"quantity_connections";"download";"upload";"timestamp"
63.9;446.5;8.6;79.1;57.63;16.3;931.51;38.9;47.9;1024;88.4;85.3;0.03;0;2021.15;1031.63;"2025-04-24 00:54:55"
63.9;446.5;1.3;79.1;57.63;16.3;931.51;38.9;47.9;1024;88.4;85.3;0.03;0;2021.16;1031.63;"2025-04-24 00:54:56"
63.9;446.5;0.9;79.1;57.63;16.3;931.51;38.9;47.9;1024;88.4;85.3;0.03;0;2021.16;1031.63;"2025-04-24 00:54:57"
63.9;446.5;2.1;79.1;57.63;16.3;931.51;38.9;47.9;1024;88.4;85.3;0.03;0;2021.16;1031.63;"2025-04-24 00:54:58"
63.9;446.5;1.3;79.1;57.63;16.3;931.51;38.9;47.9;1024;88.4;85.3;0.03;0;2021.16;1031.63;"2025-04-24 00:54:59"
63.9;446.5;2.4;79.1;57.63;16.3;931.51;38.9;47.9;1024;88.4;85.3;0.03;0;2021.16;1031.63;"2025-04-24 00:55:00"
63.9;446.5;2.4;79.1;57.63;16.3;931.51;38.9;47.9;1024;88.4;85.3;0.03;0;2021.16;1031.63;"2025-04-24 00:55:01"
63.9;446.5;6.1;79.1;57.63;16.3;931.51;39;47.9;1024;88.4;85.3;0.03;0;2021.17;1031.66;"2025-04-24 00:55:02"
63.9;446.5;6;79.1;57.63;16.3;931.51;39;47.9;1024;88.4;85.3;0.03;0;2021.18;1031.67;"2025-04-24 00:55:03"
63.9;446.5;2.7;79.1;57.63;16.3;931.51;39;47.9;1024;88.4;85.3;0.03;0;2021.2;1031.74;"2025-04-24 00:55:04"
63.9;446.5;3.2;79.1;57.63;16.3;931.51;39.1;47.9;1024;88.4;85.3;0.03;0;2021.2;1031.75;"2025-04-24 00:55:05"
63.9;446.5;3.1;79.1;57.63;16.3;931.51;39.1;47.9;1024;88.4;85.3;0.03;0;2021.21;1031.76;"2025-04-24 00:55:06"
63.9;446.5;3;79.1;57.63;16.3;931.51;39;47.9;1024;88.4;85.3;0.03;0;2021.21;1031.76;"2025-04-24 00:55:07"
63.9;446.5;3.8;79.1;57.63;16.3;931.51;39;47.9;1024;88.4;85.3;0.03;0;2021.22;1031.77;"2025-04-24 00:55:08"
63.9;446.5;6.3;79.1;57.63;16.3;931.51;39;47.9;1024;88.4;85.3;0.03;0;2021.23;1031.78;"2025-04-24 00:55:09"
63.9;446.5;2.8;79.1;57.63;16.3;931.51;39;47.9;1024;88.4;85.3;0.03;0;2021.23;1031.78;"2025-04-24 00:55:10"
63.9;446.5;4.4;79.1;57.63;16.3;931.51;39;47.9;1024;88.4;85.3;0.03;0;2021.24;1031.79;"2025-04-24 00:55:11"
63.9;446.5;4.3;79.1;57.63;16.3;931.51;39;47.9;1024;88.4;85.3;0.03;0;2021.25;1031.8;"2025-04-24 00:55:12"
63.9;446.5;3.9;79.1;57.63;16.3;931.51;39;47.9;1024;88.4;85.3;0.03;0;2021.29;1031.82;"2025-04-24 00:55:14"
63.9;446.5;15;79.1;57.63;16.3;931.51;39.1;47.9;1024;88.4;85.3;0.03;0;2021.3;1031.82;"2025-04-24 00:55:15"
63.9;446.5;9.7;79.1;57.63;16.3;931.51;39.2;47.9;1024;88.4;85.3;0.03;0;2021.32;1031.87;"2025-04-24 00:55:16"
63.9;446.5;13.7;79.1;57.63;16.3;931.51;39.2;47.9;1024;88.4;85.3;0.03;0;2021.33;1031.88;"2025-04-24 00:55:17"
63.9;446.5;46.2;79.1;57.63;16.3;931.51;39.2;47.9;1024;88.4;85.3;0.03;0;2021.34;1031.89;"2025-04-24 00:55:18"
63.9;446.5;4.1;79.1;57.63;16.3;931.51;39.2;47.9;1024;88.4;85.3;0.03;0;2021.35;1031.9;"2025-04-24 00:55:19"
63.9;446.5;8.1;79.1;57.63;16.3;931.51;39.2;47.9;1024;88.4;85.3;0.03;0;2021.37;1031.92;"2025-04-24 00:55:20"
63.9;446.5;3.5;79.1;57.63;16.3;931.51;39.2;47.9;1024;88.4;85.3;0.03;0;2021.39;1031.92;"2025-04-24 00:55:21"
63.9;446.5;6.8;79.1;57.63;16.3;931.51;39.2;47.9;1024;88.4;85.3;0.03;0;2021.39;1031.93;"2025-04-24 00:55:22"
63.9;446.5;7.6;79.1;57.63;16.3;931.51;39.1;47.9;1024;88.4;85.3;0.03;0;2021.41;1031.96;"2025-04-24 00:55:23"
63.9;446.5;3.7;79.1;57.63;16.3;931.51;39.1;47.9;1024;88.4;85.3;0.03;0;2021.43;1031.98;"2025-04-24 00:55:24"
63.9;446.5;3.8;79.1;57.63;16.3;931.51;39.1;47.9;1024;88.4;85.3;0.03;0;2021.53;1032;"2025-04-24 00:55:25"
63.9;446.5;17.1;79.1;57.63;16.3;931.51;39.2;47.9;1024;88.4;85.3;0.03;0;2021.66;1032.16;"2025-04-24 00:55:27"
63.9;446.5;12.6;79.1;57.63;16.3;931.51;39.2;47.9;1024;88.4;85.3;0.03;0;2021.69;1032.47;"2025-04-24 00:55:28"
63.9;446.5;7.5;79.1;57.63;16.3;931.51;39.1;47.9;1024;88.4;85.3;0.03;0;2021.72;1032.65;"2025-04-24 00:55:29"
63.9;446.5;4.8;79.1;57.63;16.3;931.51;39.1;47.9;1024;88.4;85.3;0.03;0;2021.73;1032.7;"2025-04-24 00:55:30"
63.9;446.5;4.2;79.1;57.63;16.3;931.51;39.1;47.9;1024;88.4;85.3;0.03;0;2021.74;1032.71;"2025-04-24 00:55:31"
63.9;446.5;4.1;79.1;57.63;16.3;931.51;39.1;47.9;1024;88.4;85.3;0.03;0;2021.75;1032.72;"2025-04-24 00:55:32"
63.9;446.5;11.8;79.1;57.63;16.3;931.51;39.2;47.9;1024;88.4;85.3;0.03;0;2021.75;1032.73;"2025-04-24 00:55:33"
63.9;446.5;4.8;79.1;57.63;16.3;931.51;39.1;47.9;1024;88.4;85.3;0.03;0;2021.76;1032.74;"2025-04-24 00:55:34"
63.9;446.5;9.5;79.1;57.63;16.3;931.51;39.1;47.9;1024;88.4;85.3;0.03;0;2021.83;1032.79;"2025-04-24 00:55:35"
63.9;446.5;12.2;79.1;57.63;16.3;931.51;39.2;47.9;1024;88.4;85.3;0.03;0;2021.88;1032.86;"2025-04-24 00:55:36"
63.9;446.5;14.6;79.1;57.63;16.3;931.51;39.2;47.9;1024;88.4;85.3;0.03;0;2021.95;1033.04;"2025-04-24 00:55:37"
63.9;446.5;7;79.1;57.63;16.3;931.51;39.2;47.9;1024;88.4;85.3;0.03;0;2021.95;1033.09;"2025-04-24 00:55:38"
63.9;446.5;10.4;79.1;57.63;16.3;931.51;39.1;47.9;1024;88.4;85.3;0.03;0;2021.96;1033.13;"2025-04-24 00:55:39"
63.9;446.5;3.7;79.1;57.63;16.3;931.51;39.1;47.9;1024;88.4;85.3;0.03;0;2021.97;1033.14;"2025-04-24 00:55:40"
63.9;446.5;3.4;79.1;57.63;16.3;931.51;39.1;47.9;1024;88.4;85.3;0.03;0;2021.97;1033.14;"2025-04-24 00:55:42"
63.9;446.5;2.2;79.1;57.63;16.3;931.51;39.1;47.9;1024;88.4;85.3;0.03;0;2021.98;1033.16;"2025-04-24 00:55:43"
63.9;446.5;4.9;79.1;57.63;16.3;931.51;39.1;47.9;1024;88.4;85.3;0.03;0;2021.98;1033.16;"2025-04-24 00:55:44"
63.9;446.5;8.9;79.1;57.63;16.3;931.51;39.1;47.9;1024;88.4;85.3;0.03;0;2021.98;1033.16;"2025-04-24 00:55:45"
63.9;446.5;2.9;79.1;57.63;16.3;931.51;39.1;47.9;1024;88.4;85.3;0.03;0;2022;1033.17;"2025-04-24 00:55:46"
63.9;446.5;2.3;79.1;57.63;16.3;931.51;39.1;47.9;1024;88.4;85.3;0.03;0;2022;1033.17;"2025-04-24 00:55:47"
